{"cameraMode":{"drawMode":0,"name":"Shaded","section":"Shading Mode"},"sceneLighting":false,"audioPlay":false,"sceneViewState":{"m_AlwaysRefresh":false,"showFog":true,"showSkybox":false,"showFlares":true,"showImageEffects":true,"showParticleSystems":true,"showVisualEffectGraphs":true,"m_FxEnabled":true},"in2DMode":false,"pivot":{"x":3.205162525177002,"y":1.980316162109375,"z":-4.5582051277160648},"rotation":{"x":0.42651206254959109,"y":-0.09736662358045578,"z":0.046243105083703998,"w":0.898036003112793},"size":0.8660253882408142,"orthographic":true}