{"cameraMode":{"drawMode":0,"name":"Shaded","section":"Shading Mode"},"sceneLighting":true,"audioPlay":false,"sceneViewState":{"m_AlwaysRefresh":false,"showFog":true,"showSkybox":true,"showFlares":true,"showImageEffects":true,"showParticleSystems":true,"showVisualEffectGraphs":true,"m_FxEnabled":true},"in2DMode":false,"pivot":{"x":3.997102737426758,"y":2.385857582092285,"z":0.6364436149597168},"rotation":{"x":0.3669833540916443,"y":0.025105414912104608,"z":-0.009926971979439259,"w":0.9298622012138367},"size":4.216614723205566,"orthographic":true}