{"cameraMode":{"drawMode":0,"name":"Shaded","section":"Shading Mode"},"sceneLighting":true,"audioPlay":false,"sceneViewState":{"m_AlwaysRefresh":false,"showFog":true,"showSkybox":true,"showFlares":true,"showImageEffects":true,"showParticleSystems":true,"showVisualEffectGraphs":true,"m_FxEnabled":true},"in2DMode":false,"pivot":{"x":2.885810136795044,"y":3.2179620265960695,"z":-0.8702216148376465},"rotation":{"x":0.18597234785556794,"y":0.11613119393587113,"z":-0.022141555324196817,"w":0.9754164814949036},"size":2.826539993286133,"orthographic":true}